age,height,weight,span,pullup reps,pushup reps,continuoushang,maxhang,weightedpull,repeaters1,powl,powr,max_boulder_numeric,bouldergrade_numeric,sex_encoded
43.0,65.0,151.0,65.0,2.0,6.0,16.0,37.0,10.0,31.0,23.5,23.98,2.0,10.0,0.0
19.0,70.0,155.0,74.0,18.0,70.0,54.0,35.0,85.0,117.0,28.6,29.6,9.0,7.0,1.0
34.0,68.0,165.0,72.0,15.0,35.0,47.0,50.0,70.0,129.2,31.47,32.225,8.0,7.0,1.0
30.0,68.0,142.0,70.0,5.0,7.0,37.6,35.0,25.0,122.0,28.73,29.755000000000003,8.0,6.0,0.0
38.0,70.0,185.0,71.95,8.0,12.0,17.0,30.0,55.0,83.0,36.375,34.225,2.0,11.0,1.0
31.0,73.5,143.0,76.0,8.0,7.0,32.17,25.0,25.0,80.0,25.85,25.15,7.0,4.0,0.0
37.0,69.0,140.0,70.0,12.0,22.0,53.0,65.1,56.0,159.2,31.2,31.31,8.0,7.0,0.0
31.0,71.5,165.0,74.5,18.0,22.0,65.0,90.0,105.0,195.0,33.55,33.965,12.0,12.0,1.0
30.0,65.0,115.0,64.75,13.0,16.0,31.0,23.0,46.0,62.0,31.485000000000003,31.2,8.0,5.0,0.0
33.0,68.0,150.0,68.0,14.0,26.0,56.0,124.0,101.0,165.0,35.975,35.55,8.0,7.0,1.0
36.0,65.0,128.0,68.0,14.0,35.0,27.0,34.0,70.0,92.0,28.1,27.875,8.0,5.0,0.0
36.0,73.0,169.0,73.0,16.0,27.0,60.0,73.0,93.0,205.0,31.15,31.655,5.0,5.0,1.0
35.0,65.0,122.0,67.5,9.0,34.0,53.0,50.0,35.0,260.0,27.130000000000003,27.2,14.0,12.0,0.0
54.0,61.0,100.0,61.0,7.0,12.0,37.0,10.0,15.0,97.0,28.755000000000003,28.630000000000003,11.0,12.0,0.0
34.0,73.0,158.0,73.0,19.0,29.0,49.0,80.0,80.0,200.0,31.405,31.48,6.0,5.0,1.0
37.0,69.0,148.0,72.0,13.0,17.0,50.0,60.0,63.0,120.0,31.71,30.7,10.0,8.0,1.0
29.0,70.0,165.0,73.0,13.0,30.0,30.0,45.0,70.0,87.0,28.725,30.53,7.0,6.0,1.0
45.0,70.5,156.0,70.5,14.0,36.0,45.0,47.0,72.0,160.0,27.65,27.9,8.0,7.0,1.0
30.0,72.0,180.0,73.0,9.0,19.0,36.0,60.0,63.0,120.0,29.335,28.775,6.0,4.0,1.0
29.0,66.0,136.0,67.0,15.0,19.0,41.0,55.0,80.0,95.0,28.0,27.95,8.0,6.0,1.0
39.0,63.0,128.0,65.0,3.0,10.0,50.0,31.6,15.9,114.0,27.0,26.9,4.0,11.0,0.0
27.0,64.0,115.0,64.0,8.0,21.0,62.0,45.0,45.0,190.0,28.25,27.6,15.0,5.0,0.0
30.0,71.0,195.0,75.0,6.0,21.0,47.4,52.1,70.0,112.1,32.2,31.475,8.0,6.0,1.0
44.0,70.0,165.0,65.0,12.0,21.0,41.0,40.0,55.0,60.0,31.745,31.2,5.0,5.0,1.0
32.0,70.0,155.0,73.0,16.0,35.0,67.0,100.0,125.0,120.0,35.35,36.08,15.0,12.0,1.0
38.0,62.0,120.0,62.0,12.0,22.0,40.0,50.0,45.0,90.0,33.358,34.25,10.0,5.0,0.0
39.0,63.0,125.0,62.0,8.0,15.0,40.0,30.0,35.0,113.0,26.5,26.475,2.0,10.0,0.0
27.0,67.0,135.0,70.0,15.0,20.0,45.0,75.0,70.0,180.0,29.15,28.85,10.0,7.0,1.0
40.0,61.5,155.0,75.6,12.0,25.0,56.0,54.0,54.0,98.0,33.25,33.265,7.0,5.0,1.0
31.0,62.0,110.0,61.0,14.0,26.0,65.0,65.0,70.0,128.7,29.475,29.73,10.0,7.0,0.0
38.0,69.0,160.0,72.0,11.0,33.0,21.0,40.0,35.0,62.0,27.35,27.2,7.0,6.0,1.0
32.0,68.0,153.0,67.0,16.0,30.0,64.0,105.0,80.0,120.0,35.55,35.910000000000004,9.0,8.0,1.0
47.0,66.0,140.0,67.0,16.0,31.5,53.6,58.0,72.4,148.0,33.158,33.905,5.0,4.0,1.0
31.0,65.0,131.0,62.0,9.0,18.0,18.0,25.0,35.0,50.0,31.575,32.375,8.0,5.0,0.0
23.0,74.0,155.0,75.0,11.0,12.0,30.0,40.0,55.0,62.0,28.28,29.35,6.0,5.0,1.0
38.0,71.0,168.0,71.0,22.0,37.0,72.0,85.0,100.0,204.0,35.75,35.4,6.0,7.0,1.0
35.0,74.0,181.0,76.5,15.0,21.0,48.0,65.0,55.0,110.0,36.4,35.4,9.0,8.0,1.0
34.0,70.0,165.0,73.0,14.0,30.0,58.0,93.0,70.0,102.0,33.35,33.3125,9.0,7.0,1.0
45.0,69.0,154.0,69.0,15.0,31.0,55.0,55.0,95.0,110.0,33.0125,33.64,0.0,7.0,1.0
28.0,67.0,145.0,70.0,15.0,24.0,57.0,70.0,70.0,88.2,27.35,27.675,9.0,10.0,1.0
31.0,72.0,168.0,74.0,19.0,33.0,82.0,108.0,110.0,204.0,35.8,36.25,12.0,11.0,1.0
31.0,62.0,120.0,62.0,10.0,30.0,20.0,35.0,44.0,72.3,26.45,26.5,5.0,4.0,0.0
31.0,65.0,120.0,64.0,12.0,18.0,38.0,25.0,50.0,84.0,28.45,28.73,8.0,7.0,0.0
29.0,74.0,160.0,75.0,2.0,9.0,19.5,15.0,15.0,56.0,31.7,31.885,0.0,6.0,0.0
40.0,66.0,141.0,69.0,12.0,20.0,46.0,64.3,59.5,118.1,35.8,35.4,9.0,8.0,1.0
28.0,64.0,130.0,64.0,10.0,22.0,43.0,70.0,70.0,161.0,33.4125,33.4,9.0,8.0,1.0
30.0,72.0,185.0,73.0,10.0,19.0,39.0,52.0,55.0,132.0,28.75,28.5,0.0,7.0,1.0
29.0,72.0,160.0,72.0,15.0,26.0,30.0,50.0,100.0,156.0,31.435,31.205,10.0,8.0,1.0
27.0,67.0,150.0,68.3,14.0,27.0,41.0,72.0,77.0,100.0,28.95,29.73,5.0,5.0,1.0
22.0,67.0,112.0,70.0,20.0,20.0,49.0,55.0,80.0,143.0,39.5,39.5,12.0,11.0,1.0
38.0,68.0,160.0,69.0,9.0,22.0,14.0,5.0,54.0,76.0,31.75,30.75,4.0,4.0,1.0
32.0,65.0,135.0,67.0,14.0,22.0,11.0,8.0,75.0,40.0,27.0,27.0,10.0,8.0,1.0
32.0,68.0,158.0,72.0,13.0,22.0,36.0,77.0,104.0,87.0,36.0,36.0,5.0,4.0,1.0
23.0,62.0,119.0,63.0,16.0,39.0,18.0,10.0,70.0,120.0,36.0,29.0,5.0,4.0,0.0
35.0,71.0,152.0,76.0,21.0,36.0,78.0,135.0,90.0,170.0,46.0,44.0,12.0,12.0,1.0
28.0,70.0,165.0,72.0,14.0,34.0,32.0,50.0,80.0,45.0,28.0,28.0,8.0,6.0,1.0
31.0,69.0,149.0,70.0,22.0,30.0,65.0,125.0,135.0,153.0,34.5,34.0,12.0,10.0,1.0
34.0,70.0,164.0,72.0,20.0,45.0,60.0,90.0,125.0,116.0,30.0,29.55,5.0,6.0,1.0
37.0,69.0,156.0,71.0,14.0,29.0,41.9,58.0,65.0,120.0,31.335,31.33,6.0,6.0,1.0
35.0,68.0,163.0,72.0,15.0,30.0,50.0,65.0,80.0,125.0,33.4125,33.739999999999995,8.0,7.0,1.0
53.0,68.0,148.0,70.0,12.0,26.0,64.0,58.0,50.0,195.0,31.25,31.5,6.0,7.0,1.0
35.0,66.0,120.0,67.575,12.0,35.0,57.0,60.0,40.0,397.0,26.0,26.0,0.0,4.0,0.0
39.0,68.0,137.0,68.0,16.0,28.0,45.0,72.3,85.0,70.0,35.0,35.0,6.0,7.0,1.0
32.0,69.0,155.0,72.0,14.0,30.0,38.0,55.0,88.0,90.0,29.0,30.0,2.0,2.0,1.0
30.0,65.0,138.0,63.0,11.0,19.0,36.0,30.0,60.0,100.0,31.5,30.0,7.0,7.0,0.0
34.0,73.0,156.0,73.5,22.0,28.0,64.0,65.0,85.0,170.0,33.0,33.0,0.0,0.0,1.0
31.0,62.0,113.0,61.0,15.0,30.0,55.0,65.0,55.0,100.0,39.0,39.0,9.0,8.0,0.0
26.0,70.0,127.0,71.0,15.6,25.0,40.0,115.0,75.0,104.3,31.785000000000004,31.9,9.0,9.0,1.0
31.0,68.5,145.0,69.0,8.0,8.0,60.0,35.0,25.0,98.0,32.4,31.825,8.0,6.0,0.0
45.0,67.0,144.0,69.0,18.0,31.0,45.0,75.0,110.0,133.0,36.0,36.25,8.0,7.0,1.0
25.0,74.0,145.0,76.0,11.0,15.0,12.0,0.0,50.0,24.0,31.0,34.0,5.0,5.0,1.0
34.0,69.0,148.0,144.0,20.2,32.2,61.0,85.0,94.5,152.0,34.95,35.260000000000005,6.0,6.0,1.0
29.0,67.0,145.0,67.0,22.0,34.0,38.0,90.0,115.0,110.0,33.0,35.0,10.0,8.0,1.0
30.0,74.0,160.0,75.0,6.0,20.0,24.0,34.0,26.0,68.2,32.1,31.68,6.0,7.0,0.0
45.0,63.0,125.0,64.0,7.0,15.0,55.0,40.0,20.0,200.0,16.5,17.0,5.0,4.0,0.0
42.0,69.0,153.0,70.0,28.0,43.0,76.0,95.0,110.0,220.0,40.0,40.0,7.0,0.0,1.0
31.0,66.0,142.0,68.0,21.0,53.0,103.0,62.0,100.0,80.0,34.0,34.0,10.0,8.0,1.0
40.0,69.0,146.0,68.0,2.0,10.0,13.0,1.1,18.0,23.1,31.425,31.76,0.0,5.0,0.0
40.0,72.0,195.0,75.0,10.0,25.0,34.0,40.0,65.0,67.0,33.0,32.0,7.0,6.0,1.0
31.0,69.0,162.0,70.0,22.0,37.0,63.0,95.0,105.0,94.0,38.5,37.0,10.0,9.0,1.0
34.0,67.0,149.0,71.0,11.0,18.0,31.0,80.0,55.0,150.0,29.025,29.130000000000003,5.0,5.0,0.0
30.0,69.0,160.0,73.0,9.0,17.0,31.0,40.0,55.0,68.0,27.33,28.3,4.0,0.0,1.0
27.0,67.0,140.0,68.0,8.0,25.0,31.0,31.0,31.0,91.0,32.0,34.0,5.0,6.0,0.0
25.0,71.0,158.0,75.0,16.0,15.0,54.0,100.0,125.0,206.0,41.25,41.25,13.0,12.0,1.0
25.0,69.5,157.0,70.0,13.0,19.0,41.0,55.0,90.0,110.0,35.0,35.0,0.0,5.0,1.0
27.0,72.5,175.0,75.5,13.0,30.0,60.0,90.0,110.0,160.0,42.0,43.0,8.0,8.0,1.0
26.0,68.0,143.0,68.0,13.0,30.0,60.0,80.0,60.0,130.0,28.8,28.8,5.0,5.0,0.0
24.0,64.0,123.0,65.0,13.0,23.0,59.0,53.0,63.0,257.0,23.5,23.5,0.0,5.0,0.0
35.0,69.0,157.0,68.5,18.0,39.0,26.0,36.0,90.0,137.0,38.125,39.75,6.0,6.0,1.0
37.0,69.7,132.0,70.0,17.0,45.0,60.0,55.0,75.4,126.0,30.6,30.3,8.0,7.0,1.0
32.0,70.0,165.0,74.0,11.0,26.0,61.0,70.0,70.0,9.0,33.0,34.0,8.0,7.0,1.0
39.0,68.9,135.0,68.9,22.0,40.0,70.0,99.3,100.0,182.9,39.0,39.0,9.0,8.0,1.0
33.0,71.0,145.0,71.0,15.0,27.0,48.0,55.0,75.0,73.0,31.525,31.08,11.0,10.0,1.0
36.0,71.0,162.0,71.0,17.0,36.0,43.0,40.0,105.0,125.0,34.0,34.0,7.0,6.0,1.0
36.0,70.0,163.0,68.0,5.0,29.0,11.0,0.0,22.0,23.0,48.0,51.0,0.0,0.0,0.0
23.0,61.0,100.0,63.0,15.0,33.0,41.0,41.0,55.0,100.0,31.0,31.0,7.0,7.0,0.0
31.0,72.0,175.0,74.0,15.0,31.0,30.0,80.0,80.0,90.0,32.25,32.25,6.0,6.0,1.0
28.0,68.0,153.0,70.0,17.0,26.0,60.0,110.0,115.0,152.0,37.0,37.0,0.0,8.0,1.0
30.0,70.5,175.0,76.0,16.0,31.0,50.0,100.0,105.0,145.0,41.0,41.0,10.0,10.0,1.0
39.0,70.0,180.0,73.0,8.0,12.0,17.0,80.0,70.0,85.0,32.175,31.3,7.0,7.0,1.0
32.0,70.0,155.0,68.0,12.0,15.0,14.0,35.0,45.0,45.0,28.0,27.0,5.0,5.0,1.0
25.0,75.0,150.0,76.0,15.0,21.0,45.0,75.0,75.0,146.0,37.0,35.0,7.0,7.0,1.0
26.0,69.0,160.0,72.5,10.0,30.0,61.0,70.0,60.0,135.0,31.0,31.0,6.0,5.0,1.0
20.0,72.0,158.0,72.0,19.0,37.0,70.0,100.0,90.0,45.0,29.35,29.75,10.0,9.0,1.0
33.0,74.0,172.0,74.0,14.0,23.0,36.0,35.0,96.0,123.0,33.0,33.5,7.0,7.0,1.0
33.0,74.0,172.0,74.0,14.0,23.0,36.0,35.0,96.0,123.0,33.0,33.5,7.0,7.0,1.0
39.0,64.0,115.0,65.0,26.0,53.0,70.0,65.0,75.0,480.0,34.5,34.5,9.0,8.0,0.0
39.0,64.0,115.0,65.0,26.0,53.0,70.0,65.0,75.0,480.0,34.5,34.5,9.0,8.0,0.0
35.0,68.0,160.0,72.0,16.0,36.0,24.0,30.0,84.0,66.6,28.0,28.325,8.0,8.0,1.0
35.0,68.0,160.0,72.0,16.0,36.0,24.0,30.0,84.0,66.6,28.0,28.325,8.0,8.0,1.0
29.0,64.0,117.0,65.25,10.0,16.0,40.0,65.0,50.0,90.0,26.0,26.5,6.0,7.0,0.0
29.0,64.0,117.0,65.25,10.0,16.0,40.0,65.0,50.0,90.0,26.0,26.5,6.0,7.0,0.0
26.0,66.0,143.0,66.0,10.0,21.0,28.0,55.0,50.0,123.0,27.0,30.0,8.0,6.0,1.0
26.0,66.0,143.0,66.0,10.0,21.0,28.0,55.0,50.0,123.0,27.0,30.0,8.0,6.0,1.0
38.0,68.75,146.0,70.75,14.0,31.0,45.0,77.0,65.0,117.0,32.0,30.0,11.0,9.0,1.0
38.0,68.75,146.0,70.75,14.0,31.0,45.0,77.0,65.0,117.0,32.0,30.0,11.0,9.0,1.0
39.0,64.76,123.3,65.315,12.5,33.0,58.7,71.5,53.7,283.2,30.9,30.380000000000003,12.0,4.0,0.0
47.0,62.0,115.0,62.0,8.0,13.0,32.0,35.2,34.9,134.6,26.45,26.8,0.0,4.0,0.0
45.0,68.0,147.0,68.0,23.0,43.0,85.0,105.0,100.0,197.0,40.0,40.0,11.0,9.0,1.0
31.0,74.0,187.0,78.0,19.0,28.0,45.0,94.0,132.0,11.0,44.0,44.0,9.0,8.0,1.0
31.0,66.0,130.0,65.57000000000001,14.0,18.0,48.0,40.0,40.0,140.0,30.0,30.0,10.0,8.0,0.0
24.0,73.0,200.0,73.0,6.0,13.0,27.0,20.0,0.0,5.0,14.0,16.0,2.0,2.0,1.0
32.0,71.0,148.0,72.0,18.0,35.0,45.0,80.0,115.0,135.0,38.0,38.0,7.0,7.0,1.0
27.0,71.0,175.0,172.5,10.0,38.0,28.0,70.0,100.0,155.0,38.0,38.0,9.0,9.0,1.0
38.0,69.0,131.0,72.0,2.0,4.0,32.0,31.5,5.0,86.4,16.75,17.5,0.0,0.0,0.0
38.0,69.0,131.0,72.0,2.0,4.0,32.0,31.5,5.0,86.4,16.75,17.5,0.0,0.0,0.0
36.0,65.5,123.0,67.0,12.0,37.0,53.0,52.0,40.0,475.0,26.5,27.0,0.0,4.0,0.0
37.0,73.0,170.0,73.0,16.0,23.0,63.0,78.0,86.5,195.0,36.0,35.0,7.0,7.0,1.0
49.0,71.5,160.0,75.0,16.0,17.0,31.0,18.0,70.0,90.0,31.25,31.25,5.0,5.0,1.0
37.0,66.5,120.0,67.0,8.0,11.0,42.0,18.0,35.0,90.0,24.5,25.5,4.0,5.0,0.0
29.0,70.0,165.0,72.0,13.0,36.0,30.0,60.0,70.0,78.0,29.0,28.5,8.0,6.0,1.0
35.0,73.0,157.0,74.0,25.0,29.0,52.0,70.0,90.0,188.0,35.0,36.0,0.0,0.0,1.0
46.0,66.0,160.0,55.45,10.0,25.0,9.0,0.0,50.0,10.0,19.0,20.0,0.0,4.0,1.0
31.0,68.5,145.0,69.6,10.0,10.0,55.0,45.0,35.0,87.0,31.35,31.78,8.0,5.0,0.0
29.0,64.0,118.0,66.5,13.0,25.0,38.0,35.0,38.0,173.0,30.0,32.0,0.0,5.0,0.0
47.0,70.0,170.0,70.0,7.0,20.0,31.0,47.0,32.0,134.0,27.0,27.0,0.0,0.0,1.0
38.0,69.0,177.0,68.0,2.0,12.0,15.0,20.0,0.0,37.0,13.0,13.0,2.0,2.0,0.0
42.0,111.0,153.0,173.0,9.0,18.0,24.0,17.0,25.0,80.0,25.0,26.0,2.0,2.0,1.0
35.0,69.0,142.0,67.0,9.0,11.0,26.0,20.0,50.0,40.0,26.5,28.0,0.0,0.0,0.0
48.0,66.0,137.0,69.0,20.0,53.0,69.0,47.0,45.0,246.0,23.0,24.5,5.0,5.0,1.0
28.0,68.0,167.0,68.0,14.0,17.0,44.0,140.0,110.0,131.0,32.0,33.0,8.0,9.0,1.0
26.0,68.0,135.0,68.0,16.0,19.0,46.0,90.0,80.0,130.0,37.0,37.0,7.0,7.0,1.0
26.0,68.0,120.0,72.0,4.0,19.0,29.0,35.0,17.0,109.0,26.5,26.25,6.0,5.0,0.0
29.0,75.0,179.0,75.0,17.0,43.0,40.0,72.0,92.0,100.0,35.0,39.0,7.0,6.0,1.0
36.0,66.0,128.0,65.0,11.0,10.0,45.0,70.0,60.0,40.0,25.5,25.5,8.0,6.0,0.0
27.0,65.0,130.0,67.0,10.0,10.0,23.0,15.0,35.0,62.0,26.5,26.0,9.0,6.0,0.0
25.0,69.0,134.0,69.0,24.0,43.0,64.0,90.0,115.0,293.0,34.0,35.0,12.0,12.0,1.0
25.0,74.0,174.0,76.0,28.0,32.0,71.0,150.0,122.0,356.0,38.0,42.0,8.0,8.0,1.0
33.0,68.0,149.0,69.0,21.0,29.0,73.0,110.0,95.0,156.0,40.5,41.0,10.0,9.0,1.0
32.0,70.0,176.0,71.85,12.0,31.0,35.0,40.0,70.0,76.0,34.0,35.0,6.0,5.0,1.0
33.0,69.5,145.0,69.5,24.0,35.0,60.0,88.0,124.0,225.0,36.0,36.0,10.0,9.0,1.0
23.0,69.0,154.0,71.0,9.0,26.0,20.0,21.0,45.0,63.0,32.025,31.71,0.0,5.0,1.0
26.0,70.0,155.0,70.0,10.0,2.0,35.8,40.0,35.0,106.7,28.105,27.6,6.0,6.0,0.0
27.0,67.0,150.0,67.0,40.0,60.0,35.0,60.0,120.0,80.0,40.0,40.0,5.0,6.0,1.0
31.0,71.5,140.0,72.5,30.0,50.0,79.0,95.0,100.0,330.0,29.3,29.35,10.0,8.0,1.0
39.0,66.0,136.0,64.0,9.0,15.0,21.0,23.0,35.4,56.0,26.85,26.35,5.0,4.0,0.0
39.0,68.0,159.0,68.0,10.5,25.0,30.0,40.0,60.0,116.5,31.435,31.925,5.0,5.0,1.0
30.0,71.0,180.0,80.05,15.0,40.0,5.0,14.6,82.9,78.3,35.275,35.335,0.0,4.0,1.0
28.0,76.4,183.0,77.0,15.0,24.0,40.0,74.0,88.0,100.5,37.25,35.75,5.0,4.0,1.0
35.0,70.0,152.0,72.0,16.0,32.0,52.0,58.0,60.0,199.8,27.53,28.125,0.0,6.0,1.0
25.0,65.0,108.0,65.0,6.0,12.0,42.0,30.0,25.0,116.0,31.32,31.385,8.0,6.0,0.0
34.0,70.0,158.0,70.0,19.0,37.0,55.0,70.0,100.0,163.7,28.98,29.3,11.0,10.0,1.0
25.0,71.0,147.0,73.0,15.0,25.0,36.0,50.0,81.0,103.0,33.275,34.075,9.0,7.0,1.0
26.0,68.0,140.0,66.0,9.0,20.0,3.0,0.0,25.0,0.0,31.675,32.175,4.0,4.0,0.0
36.0,70.0,164.0,70.0,4.0,22.0,26.0,36.0,7.0,36.0,31.625,31.125,0.0,2.0,0.0
43.0,70.0,169.0,72.0,25.0,39.0,46.0,40.0,120.0,155.0,29.25,29.55,0.0,8.0,1.0
34.0,69.0,145.0,73.0,24.0,31.0,60.0,73.0,80.0,250.0,35.1,35.825,12.0,11.0,1.0
27.0,67.0,148.0,70.0,21.0,30.0,55.0,145.0,125.0,193.0,29.575,30.48,13.0,12.0,1.0
26.0,62.5,105.0,61.75,11.0,29.0,39.0,44.45,45.85,83.2,31.5,31.455,6.0,5.0,0.0
35.0,72.0,170.0,75.0,15.0,29.0,60.0,110.0,70.0,138.0,0.0,0.0,8.0,7.0,1.0
27.0,70.0,175.0,73.0,19.0,31.0,36.0,94.0,94.0,138.0,35.0,34.0,8.0,8.0,1.0
33.0,67.0,127.0,68.5,24.0,70.0,75.0,84.7,100.1,177.5,34.65,35.61,8.0,7.0,1.0
21.0,71.0,165.0,69.0,17.0,40.0,45.0,60.0,85.0,57.0,27.0,29.0,5.0,5.0,1.0
33.0,62.0,110.0,63.0,4.0,10.0,37.0,20.0,9.0,60.0,18.0,18.0,4.0,5.0,0.0
30.0,70.0,130.0,72.0,14.0,24.0,32.0,45.0,60.0,56.0,28.375,29.25,6.0,8.0,1.0
25.0,66.5,143.0,69.0,13.0,29.0,35.0,49.1,59.2,107.3,31.47,31.275,4.0,4.0,1.0
31.0,70.5,158.0,70.74,11.0,34.0,27.0,23.0,55.0,5.0,34.783,35.81,0.0,4.0,1.0
19.0,68.0,142.0,70.0,25.0,25.0,60.0,85.0,100.0,7.0,38.0,37.0,9.0,8.0,1.0
35.0,66.0,127.0,65.0,9.0,21.0,32.0,35.0,53.0,118.0,30.915,30.93,6.0,5.0,1.0
25.0,75.0,170.0,78.0,10.0,25.0,34.1,40.0,45.0,96.6,35.425,35.35,7.0,6.0,1.0
34.0,70.1,147.0,70.53999999999999,11.0,15.0,26.8,21.0,43.0,60.0,27.05,26.65,2.0,4.0,1.0
30.0,72.0,170.0,75.0,26.0,45.0,70.0,115.0,115.0,170.0,35.45,35.81,11.0,9.0,1.0
24.0,71.0,155.0,71.0,12.0,24.8,26.9,32.0,45.0,85.0,31.95,30.575,0.0,7.0,1.0
33.0,72.45,163.0,72.45,9.0,16.0,18.0,7.0,68.0,3.0,31.75,31.175,0.0,4.0,1.0
32.0,62.0,117.0,61.0,12.0,33.0,70.0,85.0,65.0,150.0,31.5,32.230000000000004,9.0,8.0,0.0
38.0,70.5,160.0,69.5,23.0,60.0,28.0,33.0,99.0,120.0,31.545,32.0,0.0,6.0,1.0
39.0,68.0,158.0,69.0,11.0,27.0,34.0,23.0,62.0,75.0,28.0,27.0,5.0,4.0,1.0
31.0,62.0,130.0,64.0,11.0,18.0,28.0,10.0,35.0,35.0,28.735000000000003,28.75,2.0,4.0,0.0
16.0,68.0,145.0,69.0,16.0,21.0,59.4,95.0,85.0,136.0,32.77,33.0125,10.0,9.0,1.0
31.0,73.0,170.0,75.0,22.0,35.0,50.0,65.0,118.0,83.0,32.135000000000005,32.11,5.0,4.0,1.0
34.0,70.0,158.0,71.0,16.0,25.0,44.0,67.0,74.0,106.0,36.8,35.96,0.0,6.0,1.0
36.0,70.0,133.0,69.0,10.2,5.0,13.0,10.0,43.8,106.0,31.145,31.02,0.0,2.0,0.0
27.0,74.0,158.0,75.5,10.0,15.0,35.2,60.0,35.0,122.6,39.0,39.0,9.0,9.0,1.0
41.0,72.0,170.0,73.0,7.0,25.0,18.0,42.0,57.0,70.0,31.65,30.85,5.0,5.0,1.0
30.0,72.0,150.0,74.0,12.0,22.0,57.0,92.0,66.0,150.0,38.0,39.0,0.0,0.0,1.0
28.0,74.0,191.0,76.0,16.0,15.0,30.0,48.0,100.0,104.5,31.67,31.65,6.0,7.0,1.0
34.0,64.0,135.0,64.5,9.0,26.0,23.0,16.0,35.0,25.0,24.0,24.0,0.0,2.0,0.0
52.0,66.5,130.0,71.0,17.0,30.0,20.0,27.0,62.0,74.0,27.05,28.85,4.0,4.0,1.0
22.0,64.0,125.0,64.0,14.0,25.0,45.0,55.0,40.0,114.0,27.0,27.025,5.0,4.0,0.0
38.0,71.8,175.0,73.65,13.0,36.8,41.06,55.0,62.0,189.0,34.05,35.09,6.0,5.0,1.0
22.0,68.0,157.0,68.0,18.0,39.2,62.0,106.0,125.0,250.0,29.55,30.45,0.0,6.0,1.0
21.0,72.0,170.0,72.0,18.0,30.0,120.0,90.0,70.0,200.0,30.0,28.0,7.0,7.0,1.0
34.0,67.0,143.0,70.0,15.0,27.0,22.0,25.0,70.0,90.0,28.9565,29.225,7.0,5.0,1.0
31.0,66.0,130.0,64.0,21.0,52.0,55.0,85.0,110.0,126.0,29.325,29.73,10.0,9.0,1.0
43.0,70.0,144.0,69.0,13.0,20.0,45.0,108.0,78.0,136.0,32.625,32.225,11.0,8.0,1.0
19.0,65.0,125.0,64.7,6.0,8.0,42.0,40.0,35.0,73.0,32.025,31.625,4.0,4.0,0.0
27.0,70.0,165.0,70.0,22.0,51.0,42.0,65.0,85.0,75.0,28.4,29.360000000000003,5.0,5.0,1.0
26.0,66.0,135.0,67.0,12.0,20.0,45.0,60.0,55.0,75.0,26.7,27.55,5.0,5.0,0.0
25.0,68.5,152.0,68.0,18.0,30.0,35.0,70.0,89.0,203.0,29.175,31.130000000000003,6.0,6.0,1.0
24.0,70.5,176.0,72.8,10.0,30.0,20.0,16.5,63.4,54.0,31.93,31.985000000000003,4.0,0.0,1.0
35.0,68.25,143.0,69.5,24.0,37.0,42.0,80.0,100.0,103.0,29.1,28.880000000000003,5.0,0.0,1.0
28.0,72.0,164.0,75.0,17.0,38.0,53.0,85.0,97.0,165.0,28.825,28.68,7.0,0.0,1.0
41.0,74.0,175.0,71.0,14.0,26.0,12.0,5.0,80.0,35.0,31.58,31.130000000000003,0.0,0.0,1.0
40.0,71.0,165.0,71.0,22.0,37.0,73.0,90.0,90.0,205.0,29.35,29.55,0.0,0.0,1.0
54.0,77.0,167.0,77.5,19.0,24.0,56.0,70.0,100.0,165.0,36.25,35.9,9.0,0.0,1.0
27.0,62.0,122.0,62.0,12.0,12.0,69.0,45.0,45.0,125.0,26.35,26.975,8.0,0.0,0.0
32.0,71.0,171.0,70.0,8.0,23.0,28.0,45.0,60.0,102.0,31.8,31.65,0.0,0.0,1.0
23.0,67.0,155.7,72.0,23.0,40.0,86.0,128.5,110.0,275.0,34.775,35.61,11.0,0.0,1.0
28.0,70.0,150.0,72.0,28.0,42.1,24.0,65.0,140.0,55.0,28.325,29.380000000000003,6.0,6.0,1.0
28.0,65.0,138.0,65.0,20.0,35.0,63.0,85.0,110.0,124.0,28.75,29.6,9.0,8.0,1.0
28.0,69.0,168.0,72.5,19.0,40.0,52.0,65.0,103.5,135.0,29.375,29.83,8.0,7.0,1.0
29.0,60.0,110.0,61.0,5.0,13.0,13.0,10.0,26.75,32.0,32.05,32.480000000000004,5.0,4.0,0.0
28.0,69.0,168.0,72.5,19.0,40.0,52.0,77.5,115.0,135.0,29.325,29.83,8.0,7.0,1.0
32.0,66.0,150.0,67.0,24.0,50.0,45.0,65.0,110.0,155.0,28.73,29.53,8.0,7.0,1.0
25.0,67.0,148.0,66.0,25.0,50.0,70.0,125.0,93.0,20.0,37.0,37.0,10.0,8.0,1.0
46.0,72.0,161.0,74.0,20.0,33.0,40.0,65.0,95.0,113.0,28.95,29.83,7.0,5.0,1.0
27.0,70.0,140.0,74.0,20.0,28.0,67.0,111.0,111.0,160.0,36.3,35.970000000000006,10.0,10.0,1.0
28.0,68.0,147.0,69.0,17.0,27.0,48.0,60.0,85.0,94.0,31.46,31.375,6.0,6.0,1.0
29.0,160.0,165.0,159.0,18.0,34.0,40.0,52.0,62.0,69.0,35.45,35.160000000000004,8.0,7.0,1.0
32.0,76.0,170.0,76.0,21.0,35.0,52.0,82.0,105.0,235.0,31.46,32.28,9.0,0.0,1.0
41.0,71.0,202.0,73.0,7.0,330.0,17.0,46.0,66.0,45.0,28.625,28.78,5.0,0.0,1.0
26.0,72.0,158.0,72.0,26.0,41.0,19.65,15.0,126.0,79.6,31.015,31.455,5.0,5.0,1.0
22.0,75.0,181.0,70.0,30.0,40.0,20.0,30.0,115.0,63.0,44.0,44.0,0.0,8.0,1.0
22.0,69.0,150.0,69.0,18.0,35.0,35.0,80.0,100.0,80.0,40.0,41.0,9.0,7.0,1.0
30.0,70.0,154.0,68.0,14.0,70.0,40.0,58.0,75.0,148.9,28.825,29.03,7.0,6.0,1.0
27.0,70.0,185.0,68.0,15.0,30.0,30.0,25.0,65.0,124.5,32.658,33.9,2.0,2.0,1.0
32.0,70.47,153.0,71.65,14.0,18.0,27.0,40.0,77.0,60.0,45.0,45.0,9.0,8.0,1.0
26.0,63.5,95.0,63.45,4.0,15.0,7.0,0.0,15.0,13.7,32.8125,33.3775,2.0,4.0,0.0
47.0,66.0,161.0,70.0,11.0,28.0,28.0,20.0,50.0,56.0,28.55,28.43,0.0,2.0,1.0
29.0,73.0,175.0,77.0,18.0,40.0,30.0,52.4,70.0,80.0,35.2,35.55,6.0,5.0,1.0
29.0,73.0,175.0,77.0,18.0,40.0,30.0,52.4,70.0,80.0,35.2,35.55,6.0,5.0,1.0
28.0,70.0,150.0,70.0,27.0,36.0,32.0,80.0,152.0,84.0,29.6315,30.03,6.0,0.0,1.0
36.0,67.0,147.0,69.0,20.0,40.0,34.0,35.0,50.0,90.0,31.23,31.535000000000004,0.0,0.0,1.0
30.0,68.0,170.0,70.0,13.0,60.0,20.0,25.8,45.0,80.3,35.625,36.325,0.0,5.0,1.0
37.0,70.0,159.0,71.0,23.0,40.0,25.0,22.0,110.0,91.4,30.0,30.0,7.0,7.0,1.0
37.0,69.0,167.0,69.5,15.0,41.0,22.0,60.0,55.0,105.0,28.8615,30.705,7.0,5.0,1.0
32.0,74.0,188.0,190.0,14.0,30.0,21.0,66.0,90.0,70.0,31.85,31.95,6.0,5.0,1.0
49.0,66.0,154.0,67.5,15.0,31.0,37.0,25.0,65.0,74.0,35.25,34.95,4.0,0.0,1.0
39.0,73.0,183.0,75.0,18.0,42.0,40.0,60.0,90.0,134.0,31.62,32.230000000000004,7.0,0.0,1.0
27.0,66.0,133.0,67.0,28.0,14.0,58.3,57.0,70.2,175.4,27.0,27.53,5.0,5.0,0.0
33.0,69.25,146.0,70.0,18.0,63.0,34.0,35.0,75.0,170.0,26.5,28.5,4.0,4.0,1.0
30.0,74.0,182.0,75.0,14.0,24.0,18.0,25.0,75.0,6.0,32.3625,32.575,4.0,4.0,1.0
33.0,71.5,155.0,72.0,15.0,25.0,42.0,53.0,81.0,98.0,36.5,37.0,0.0,5.0,1.0
39.0,72.0,172.0,73.0,15.0,31.0,44.0,66.0,84.0,110.0,31.325,31.325,6.0,0.0,1.0
31.0,72.0,189.0,74.0,9.0,21.0,49.0,62.0,55.0,147.0,26.0,25.0,0.0,7.0,1.0
40.0,62.0,120.0,62.0,16.0,30.0,70.0,65.0,50.0,130.0,27.5,27.5,10.0,8.0,0.0
30.0,75.0,189.0,78.0,17.0,31.0,36.0,71.0,60.0,120.0,36.1,35.260000000000005,0.0,0.0,1.0
39.0,76.0,215.0,75.0,8.0,25.0,18.0,10.0,35.0,30.0,32.475,31.975,0.0,0.0,1.0
27.0,69.0,165.0,75.0,19.0,54.0,43.0,70.0,90.0,125.0,28.95,29.660000000000004,6.0,0.0,1.0
41.0,74.0,199.0,71.0,7.0,14.0,26.0,35.0,45.0,62.0,24.0,24.0,2.0,2.0,1.0
27.0,71.0,152.0,74.0,29.0,46.0,64.0,93.0,157.0,205.0,43.0,43.0,10.0,9.0,1.0
36.0,68.0,162.0,72.0,17.0,36.0,37.0,49.0,79.0,130.0,29.463,29.5,8.0,7.0,1.0
31.0,71.0,155.0,73.0,20.0,30.0,40.0,60.0,85.0,100.0,40.0,44.0,10.0,9.0,1.0
33.0,67.0,155.0,71.0,15.0,30.0,52.0,90.0,85.0,152.0,35.0,36.0,11.0,11.0,1.0
41.0,74.0,160.0,76.0,10.0,11.0,24.0,60.0,80.0,46.0,32.225,31.55,7.0,0.0,1.0
30.0,61.0,112.0,62.0,13.0,19.0,52.0,80.0,60.0,73.0,29.75,29.0,10.0,8.0,0.0
34.0,65.0,130.0,65.0,11.0,15.0,40.0,50.0,34.0,91.0,28.5,29.5,6.0,5.0,0.0
32.0,62.0,112.0,63.5,6.0,15.0,18.0,4.0,17.0,36.0,17.5,17.75,5.0,4.0,0.0
32.0,62.0,112.0,63.5,6.0,15.0,18.0,4.0,17.0,36.0,17.5,17.75,5.0,4.0,0.0
31.0,68.0,167.0,68.5,9.0,26.0,31.0,45.0,60.0,161.0,29.5,28.5,7.0,4.0,1.0
23.0,67.0,112.0,71.0,21.0,22.0,62.0,90.0,75.0,166.0,38.0,38.5,13.0,11.0,1.0
29.0,70.0,165.0,72.0,15.0,40.0,30.0,60.0,70.0,45.0,29.0,29.0,7.0,6.0,1.0
42.0,72.0,158.0,75.0,14.0,31.0,54.0,85.0,75.0,172.0,29.275,29.1,0.0,0.0,1.0
48.0,71.0,169.0,71.0,12.0,14.0,32.0,70.0,90.0,115.0,33.125,33.375,10.0,8.0,1.0
25.0,64.0,124.0,66.0,14.0,31.0,65.0,53.0,63.0,130.0,28.5,30.0,5.0,0.0,0.0
33.0,71.0,173.0,75.0,12.0,31.0,55.0,85.0,70.0,124.0,33.0,33.0,8.0,7.0,1.0
34.0,68.0,150.0,68.0,16.0,23.0,50.0,120.0,120.0,165.0,31.0,31.0,0.0,0.0,1.0
22.0,74.0,170.0,76.0,16.0,35.0,32.0,43.0,70.0,67.0,28.5,33.5,0.0,5.0,1.0
39.0,69.0,147.0,71.0,15.0,41.0,61.0,80.0,50.0,192.0,33.75,33.75,11.0,8.0,1.0
20.0,67.0,120.0,69.0,3.0,20.0,15.0,5.0,9.0,40.0,19.0,20.0,2.0,2.0,0.0
26.0,70.0,170.0,72.0,17.0,29.0,25.0,25.0,60.0,56.0,31.0,32.0,6.0,5.0,1.0
21.0,73.0,174.0,85.75,14.0,30.0,14.0,28.9,70.0,67.0,32.5,31.23,4.0,4.0,1.0
27.0,69.0,165.0,70.0,16.0,52.0,42.0,62.0,70.0,65.0,32.0,30.0,6.0,7.0,1.0
28.0,70.0,155.0,70.0,11.0,20.0,16.0,10.0,40.0,65.0,14.5,13.0,0.0,5.0,1.0
27.0,70.0,153.0,70.0,10.0,7.0,33.0,35.0,39.0,90.0,27.25,26.625,6.0,0.0,0.0
25.0,71.0,155.0,74.0,18.0,35.0,47.0,50.0,100.0,76.0,29.0,29.8,0.0,6.0,1.0
30.0,68.0,153.0,69.0,16.0,33.0,91.0,80.0,70.0,246.0,29.575,29.23,8.0,8.0,1.0
33.0,68.0,150.0,66.0,20.0,20.0,58.0,94.0,114.0,250.0,33.5,34.3275,8.0,0.0,1.0
28.0,67.0,149.0,67.5,13.0,35.0,44.0,50.0,40.0,65.0,31.425,31.475,0.0,0.0,1.0
23.0,68.0,127.0,67.0,11.0,13.0,29.0,30.0,45.0,86.0,31.52,31.235000000000003,0.0,0.0,0.0
40.0,75.5,196.0,75.0,7.0,32.0,12.0,5.0,35.0,14.0,34.45,34.6,0.0,0.0,1.0
20.0,68.0,125.0,73.0,3.0,5.0,13.0,15.0,12.0,34.0,17.0,19.0,4.0,5.0,0.0
30.0,67.0,150.0,67.0,16.0,44.0,10.0,0.0,100.0,24.0,33.0,34.0,4.0,4.0,1.0
26.0,68.0,155.0,69.0,3.0,16.0,22.0,26.0,10.0,4.0,25.0,25.5,2.0,4.0,0.0
25.0,68.0,149.0,71.0,13.0,29.0,40.0,55.0,75.0,155.0,36.5,36.0,10.0,8.0,1.0
31.0,68.0,151.4,70.0,23.0,45.0,61.0,70.0,80.0,195.0,31.110000000000003,31.05,8.0,0.0,1.0
28.0,74.0,157.0,76.0,13.0,30.0,39.0,70.0,65.0,90.0,31.32,32.410000000000004,9.0,0.0,1.0
34.0,70.0,175.0,74.0,15.0,30.0,45.0,80.0,100.0,320.0,25.0,25.0,8.0,7.0,1.0
32.0,64.0,128.0,64.0,15.0,40.0,34.0,25.0,50.0,77.0,27.5,29.5,4.0,2.0,0.0
50.0,68.0,169.0,66.0,11.0,41.0,35.0,40.0,60.0,100.0,27.0,27.0,5.0,5.0,1.0
33.0,71.0,173.0,75.0,12.0,31.0,55.0,85.0,70.0,124.0,33.0,33.0,8.0,7.0,1.0
32.0,69.0,173.0,70.0,16.0,30.0,53.0,80.0,110.0,125.0,36.0,37.0,10.0,9.0,1.0
41.0,67.0,140.0,65.0,12.0,22.0,63.0,35.0,60.0,137.0,27.0,28.5,7.0,6.0,0.0
33.0,72.0,179.0,73.0,15.0,30.0,30.0,75.0,95.0,135.0,31.395,31.405,8.0,0.0,1.0
25.0,74.0,182.0,74.0,14.0,29.0,25.0,35.0,108.0,36.0,36.0,37.0,7.0,5.0,1.0
28.0,74.0,160.0,74.0,14.0,15.0,45.0,75.0,45.0,90.0,28.48,28.58,7.0,6.0,1.0
28.0,69.0,143.0,72.0,30.0,30.0,60.0,82.0,100.0,188.9,34.05,35.035000000000004,10.0,9.0,1.0
27.0,74.0,185.0,76.0,20.0,41.0,42.0,80.0,140.0,122.0,32.15,31.83,9.0,0.0,1.0
38.0,71.0,182.0,71.0,12.0,26.0,30.0,40.0,60.0,71.0,27.0,29.0,6.0,5.0,1.0
37.0,69.0,167.0,69.5,16.0,40.0,33.0,75.0,70.0,138.0,30.25,31.0,7.0,5.0,1.0
26.0,75.0,170.0,78.0,15.0,20.0,35.0,40.0,55.0,140.0,48.0,43.0,7.0,6.0,1.0
35.0,65.0,140.0,66.0,5.0,14.0,62.0,44.0,20.0,128.0,22.0,22.5,5.0,7.0,0.0
47.0,68.0,162.0,73.5,20.0,50.0,66.0,95.0,105.0,180.0,31.87,32.0,8.0,0.0,1.0
30.0,71.5,160.0,0.5,16.0,41.0,25.0,24.0,88.0,96.0,27.25,28.125,0.0,0.0,1.0
35.0,63.0,123.0,63.0,9.0,26.0,38.0,45.0,50.0,137.0,31.075,31.4,9.0,0.0,0.0
37.0,66.0,120.0,5.7,13.0,25.0,45.0,90.0,60.0,97.0,32.5,31.53,10.0,0.0,1.0
30.0,62.0,122.0,64.0,10.0,20.0,20.0,18.0,27.0,49.0,30.15,31.28,0.0,0.0,0.0
41.0,68.9,150.0,69.3,20.0,29.0,45.0,60.9,71.0,106.0,33.58,33.9,5.0,4.0,1.0
26.0,69.0,150.0,69.5,15.0,30.0,68.0,120.0,115.0,146.0,40.7,39.4,7.0,8.0,1.0
42.0,71.0,153.0,76.0,25.0,31.0,61.0,90.0,90.0,245.0,36.0,36.0,9.0,8.0,1.0
40.0,72.0,165.0,73.0,10.0,50.0,20.0,40.0,45.0,100.0,35.0,35.0,2.0,0.0,1.0
39.0,70.0,165.0,74.0,13.0,22.0,21.0,45.0,75.0,45.0,24.0,22.5,0.0,0.0,1.0
28.0,66.0,156.0,66.0,4.0,9.0,8.0,0.0,15.0,22.0,12.75,12.75,2.0,2.0,0.0
33.0,74.0,189.0,88.1,18.0,35.0,30.0,61.4,170.0,129.0,35.025,35.760000000000005,10.0,10.0,1.0
40.0,62.0,106.0,62.0,10.0,25.0,56.0,40.0,30.0,124.0,27.0,27.0,4.0,5.0,0.0
46.0,72.0,165.0,74.0,21.0,38.0,50.0,80.0,110.0,120.0,34.0,36.0,6.0,5.0,1.0
28.0,70.0,139.0,71.0,11.0,17.0,15.0,10.0,50.0,59.1,31.59,31.635,0.0,2.0,1.0
26.0,63.0,125.0,64.0,12.6,18.0,46.6,62.0,60.0,104.4,28.2,28.15,8.0,6.0,0.0
33.0,64.17,127.0,62.9,19.0,29.0,61.0,60.0,70.0,103.0,30.5,31.0,7.0,6.0,0.0
37.0,66.9,141.0,67.9,68.0,40.0,45.0,40.0,33.0,100.0,26.0,26.0,0.0,0.0,0.0
28.0,71.0,147.0,74.65,17.8,31.2,50.3,60.0,90.0,135.0,54.0,54.0,0.0,6.0,1.0
34.0,66.0,175.0,68.0,11.0,33.0,42.0,70.0,55.0,77.0,31.545,31.225,6.0,0.0,1.0
31.0,61.0,125.0,62.0,11.0,26.0,68.0,44.0,35.0,98.0,25.0,27.0,5.0,5.0,0.0
33.0,75.0,175.0,78.0,14.0,21.0,24.5,20.0,85.0,85.0,35.9,35.8,7.0,6.0,1.0
25.0,69.5,130.0,72.5,12.0,21.0,31.0,30.0,50.0,173.0,33.0,33.0,0.0,8.0,1.0
32.0,66.0,133.0,64.0,22.0,48.0,70.0,105.0,110.0,203.0,35.0,37.0,10.0,9.0,1.0
73.0,73.0,160.0,74.0,13.0,15.0,40.0,50.0,55.0,75.0,31.2,31.46,0.0,0.0,1.0
42.0,72.0,160.0,75.0,13.0,31.0,58.0,80.0,80.0,183.0,31.0,32.0,0.0,7.0,1.0
25.0,64.0,124.0,65.0,13.0,31.0,43.0,50.0,60.0,200.0,29.0,28.0,0.0,0.0,0.0
38.0,67.0,133.0,69.0,20.0,36.0,75.0,107.3,110.0,234.5,35.5,35.185,10.0,7.0,1.0
34.0,67.0,145.0,69.0,13.0,24.0,40.0,40.0,60.0,83.0,31.65,31.3,7.0,5.0,1.0
28.0,74.0,160.0,76.0,17.0,28.0,48.0,70.0,70.0,80.0,36.0,35.0,10.0,9.0,1.0
28.0,64.0,156.0,64.0,13.0,33.0,23.0,20.0,52.0,75.0,28.0,26.0,5.0,6.0,0.0
28.0,71.9,155.0,74.0,15.0,40.0,39.25,60.0,65.0,103.1,28.110000000000003,28.7,6.0,5.0,2.0
35.0,63.0,126.0,62.0,12.0,10.0,27.0,25.0,45.0,105.0,28.0,28.0,6.0,5.0,0.0
27.0,68.0,148.0,68.0,12.0,25.0,47.0,80.0,60.0,102.0,28.0,28.0,6.0,5.0,0.0
55.0,73.0,150.0,73.0,8.0,6.0,30.0,37.0,30.0,70.0,5.0,6.0,0.0,0.0,1.0
32.0,72.0,162.0,72.0,17.0,38.0,15.0,12.0,65.0,24.0,31.525,30.885,4.0,0.0,1.0
46.0,63.0,140.0,63.2,6.0,20.0,21.0,27.0,18.0,60.0,16.0,18.0,0.0,2.0,0.0
44.0,70.0,167.0,70.15,12.0,34.0,48.0,25.0,30.0,114.8,35.0,35.425,0.0,4.0,1.0
30.0,70.0,170.0,72.0,15.0,36.0,44.0,60.0,70.0,58.0,28.0,28.0,7.0,6.0,1.0
37.0,71.0,193.0,73.0,17.0,24.0,61.0,119.0,104.0,131.0,35.0,35.0,7.0,6.0,1.0
32.0,72.0,162.0,73.0,16.0,24.0,35.0,55.0,90.0,82.0,35.0,36.0,0.0,7.0,1.0
38.0,66.0,120.0,67.0,10.0,12.0,46.0,30.0,35.0,74.0,13.0,13.0,0.0,5.0,0.0
27.0,72.0,175.0,72.0,11.0,20.0,13.0,25.0,100.0,33.0,36.0,36.0,7.0,7.0,1.0
30.0,72.0,175.0,74.0,16.0,24.0,39.0,45.0,108.0,84.0,31.81,31.45,0.0,0.0,1.0
27.0,69.0,145.0,74.0,14.0,27.0,50.2,60.0,90.0,128.0,29.1,29.610000000000003,6.0,0.0,1.0
27.0,60.0,107.0,60.5,15.0,25.0,37.0,55.0,45.0,105.0,26.0,27.0,7.0,7.0,0.0
44.0,67.0,138.0,68.0,3.0,14.0,24.0,10.0,8.0,100.0,24.0,24.0,6.0,6.0,0.0
40.0,60.5,97.0,60.5,10.0,20.0,63.0,43.0,40.0,225.0,25.0,24.0,7.0,6.0,0.0
37.0,70.0,72.0,68.0,9.0,20.0,6.0,1.5,49.9,8.0,34.7,33.8,0.0,4.0,1.0
29.0,74.0,187.0,76.0,15.0,28.0,63.0,130.0,115.0,200.0,32.225,31.93,10.0,0.0,1.0
40.0,62.0,120.0,65.0,3.0,16.0,23.0,7.5,7.5,36.0,31.2,30.95,0.0,0.0,0.0
28.0,67.0,180.0,69.6,12.0,20.0,32.0,32.0,90.0,114.0,35.875,35.21,5.0,0.0,1.0
50.0,70.0,160.0,70.0,14.0,30.0,60.0,50.0,67.0,110.0,31.675,30.785000000000004,4.0,5.0,1.0
30.0,67.0,161.0,70.0,12.0,35.0,42.0,45.0,55.0,75.0,27.0,27.0,2.0,5.0,1.0
40.0,62.0,124.0,62.0,14.0,33.0,56.0,55.0,53.0,150.0,27.5,27.5,10.0,7.0,0.0
37.0,69.0,166.0,69.5,18.0,40.0,49.0,82.0,65.0,157.0,34.5,35.0,7.0,6.0,1.0
25.0,61.0,141.0,63.0,7.0,16.0,11.0,5.0,28.0,22.0,20.0,20.0,6.0,4.0,0.0
31.0,67.0,140.0,69.0,8.0,9.0,47.0,25.0,25.0,45.0,20.0,20.0,0.0,5.0,0.0
23.0,65.0,120.0,65.0,7.0,23.0,36.0,30.0,25.0,61.0,20.0,20.0,0.0,6.0,0.0
24.0,68.0,145.0,68.9,8.0,19.0,30.0,30.0,40.0,60.0,27.5,26.5,6.0,5.0,0.0
55.0,68.0,164.0,72.0,14.0,43.0,45.0,55.0,60.0,220.0,26.5,26.5,0.0,6.0,1.0
29.0,68.0,190.0,72.5,11.0,35.0,61.0,53.0,72.0,75.0,32.0,31.0,9.0,8.0,1.0
35.0,66.0,125.0,68.5,4.0,24.0,0.0,0.0,13.0,0.0,36.0,36.0,5.0,2.0,0.0
26.0,67.0,160.0,71.0,11.0,20.0,89.0,120.0,120.0,83.0,35.0,37.6,8.0,8.0,1.0
42.0,71.0,218.0,70.0,11.0,45.0,22.0,35.0,45.0,51.0,22.5,21.5,2.0,4.0,1.0
25.0,74.0,186.0,74.0,18.0,35.0,30.0,70.0,115.0,75.0,37.0,37.0,7.0,6.0,1.0
31.0,60.5,110.0,61.0,5.0,7.0,21.0,10.0,15.0,57.0,31.55,31.2,4.0,0.0,0.0
29.0,62.0,132.0,66.0,15.0,25.0,40.0,60.0,45.0,7.0,5.5,6.0,7.0,7.0,0.0
31.0,68.0,135.0,70.0,11.0,22.3,44.55,40.0,35.0,100.0,28.1,27.725,5.0,4.0,0.0
27.0,62.0,105.0,62.0,16.0,30.0,46.0,35.0,58.0,80.0,27.4,27.6,0.0,7.0,0.0
30.0,62.0,125.0,51.0,10.0,35.0,4.0,0.0,33.0,0.0,29.025,28.9,0.0,0.0,0.0
35.0,73.0,187.0,72.0,20.0,55.0,31.0,55.0,90.0,136.0,30.395,30.525,4.0,0.0,1.0
30.0,64.5,138.0,65.0,9.0,14.0,40.0,37.5,31.0,103.0,27.55,27.025,7.0,0.0,0.0
30.0,63.0,116.0,63.0,18.0,10.0,47.8,67.591,50.0,96.2,28.1615,28.35,8.0,6.0,0.0
36.0,73.0,188.0,75.0,8.0,20.0,32.0,62.0,35.0,101.0,23.5,18.3,0.0,0.0,1.0
60.0,70.0,149.0,69.0,34.0,35.0,22.0,40.0,121.0,60.0,31.0,29.0,8.0,7.0,1.0
39.0,63.0,123.0,62.0,20.0,38.0,52.0,80.0,80.0,210.0,32.0,32.0,7.0,7.0,0.0
33.0,65.0,132.0,66.2,14.0,23.0,64.0,64.4,60.0,147.0,28.0,27.5,6.0,6.0,1.0
42.0,74.0,195.0,72.0,8.0,20.0,39.0,50.0,50.0,67.0,28.0,29.0,4.0,2.0,1.0
29.0,66.0,143.0,64.0,12.0,27.0,55.0,65.0,45.0,147.0,33.3,33.54,7.0,0.0,0.0
26.0,67.0,126.0,66.0,9.0,20.0,16.0,13.0,25.0,36.0,10.0,9.0,4.0,2.0,0.0
28.0,73.0,175.0,77.0,9.0,31.0,44.0,47.0,63.0,73.0,37.0,33.0,0.0,5.0,1.0
35.0,72.0,157.0,74.0,29.0,41.0,49.0,52.0,100.0,213.0,29.4,29.95,0.0,7.0,1.0
53.0,72.0,158.0,72.0,7.0,13.0,26.0,50.0,37.0,115.0,26.0,26.0,0.0,0.0,1.0
49.0,67.0,143.0,68.0,18.0,30.0,52.0,44.0,84.0,113.0,29.0,31.0,5.0,5.0,1.0
33.0,65.748,137.5,65.0,13.0,27.0,23.0,10.0,45.0,48.0,32.35,31.005000000000003,0.0,0.0,2.0
29.0,69.5,140.0,67.0,17.0,32.0,26.0,38.0,66.0,81.0,31.805,31.58,5.0,0.0,1.0
50.0,66.5,150.0,68.0,16.0,36.0,46.0,50.0,72.0,125.0,26.0,24.5,5.0,4.0,1.0
32.0,67.0,134.0,70.0,37.0,70.0,75.0,110.0,130.0,150.0,42.0,44.0,13.0,12.0,1.0
24.0,64.0,146.0,62.5,0.0,10.0,18.0,9.0,0.0,40.0,14.0,12.0,0.0,4.0,0.0
49.0,69.0,139.0,70.0,17.0,30.0,39.5,40.0,75.0,125.0,27.0,26.0,0.0,5.0,1.0
28.0,65.0,155.0,69.0,22.0,27.0,66.0,97.0,132.0,110.0,36.0,36.0,9.0,8.0,1.0
35.0,68.0,149.0,68.0,23.0,38.0,75.0,115.0,105.0,186.0,34.2,34.7,10.0,9.0,1.0
30.0,64.6,105.0,67.3,20.0,20.0,52.0,66.0,66.0,173.0,28.85,29.4,0.0,0.0,0.0
42.0,71.0,175.0,74.0,13.0,30.0,32.0,55.0,80.0,120.0,30.5,28.0,0.0,0.0,1.0
38.0,68.0,160.0,68.0,19.0,34.0,34.0,30.0,115.0,124.0,33.0,33.5,8.0,6.0,1.0
35.0,58.0,155.0,58.0,15.0,25.0,57.0,105.0,110.0,188.0,34.0,35.0,7.0,7.0,1.0
28.0,62.0,117.0,61.0,12.0,12.0,67.0,70.0,50.0,189.0,23.0,24.0,8.0,6.0,0.0
25.0,63.0,125.0,63.0,7.0,13.0,21.0,36.0,40.0,90.0,26.0,26.0,0.0,6.0,0.0
37.0,68.0,166.0,72.0,19.0,41.0,43.0,58.0,85.0,157.0,30.0,29.5,8.0,8.0,1.0
30.0,72.0,175.0,77.0,26.0,42.0,58.0,100.0,138.0,210.0,34.9,35.410000000000004,11.0,0.0,1.0
37.0,68.0,154.0,70.0,15.0,30.0,45.0,57.0,83.0,121.0,31.0,30.0,4.0,2.0,1.0
21.0,68.0,135.0,69.0,15.3,28.1,50.0,100.0,85.0,105.5,28.43,30.130000000000003,7.0,6.0,2.0
25.0,62.0,110.0,63.0,23.0,20.0,30.0,30.0,60.0,93.6,27.35,27.65,4.0,2.0,0.0
23.0,62.0,123.0,60.0,11.0,30.0,35.0,50.0,45.0,110.0,27.0,27.0,4.0,0.0,0.0
30.0,67.0,135.0,66.55,9.0,20.0,36.0,35.0,50.0,110.0,28.0,28.0,0.0,0.0,0.0
32.0,67.0,148.0,68.0,13.0,31.5,43.92,70.0,79.0,100.0,28.58,29.31,5.0,4.0,1.0
34.0,72.0,172.0,73.0,22.0,44.0,34.0,70.0,113.0,184.0,35.5,35.5,5.0,5.0,1.0
25.0,72.0,187.0,74.0,14.0,30.0,23.7,35.0,80.0,86.0,31.775,31.630000000000003,5.0,0.0,1.0
37.0,68.5,158.0,71.5,17.0,37.0,46.0,57.5,83.0,130.0,31.19,31.130000000000003,0.0,0.0,1.0
36.0,72.0,185.0,73.95,11.0,18.0,33.0,25.0,50.0,90.0,40.0,40.0,0.0,6.0,1.0
31.0,62.0,130.0,64.0,9.0,13.0,34.0,35.0,35.0,105.0,25.0,24.0,5.0,5.0,0.0
31.0,61.0,110.0,62.0,15.0,24.0,62.0,90.0,60.0,94.0,32.375,31.55,10.0,8.0,0.0
39.0,73.0,170.0,73.0,15.0,30.0,59.0,98.0,83.0,223.0,34.5,34.0,7.0,7.0,1.0
41.0,70.0,205.0,72.0,7.0,12.0,26.0,50.0,44.0,25.0,26.0,26.0,9.0,6.0,1.0
34.0,63.0,118.0,63.5,8.0,22.0,26.0,35.0,23.0,75.0,22.5,25.5,0.0,4.0,0.0
30.0,69.0,155.0,72.0,17.0,26.0,40.0,50.0,90.0,112.0,33.0,32.5,5.0,5.0,1.0
35.0,67.0,150.0,2.0,13.0,26.0,51.0,65.0,60.0,119.8,29.0,30.0,6.0,5.0,1.0
38.0,62.0,135.0,64.0,12.0,31.0,61.0,60.0,50.0,166.4,31.6,32.45,8.0,7.0,0.0
39.0,67.0,153.0,70.0,14.0,20.0,55.0,70.0,100.0,200.0,65.0,66.0,10.0,7.0,1.0
33.0,71.5,150.0,73.0,19.0,34.0,54.0,87.0,120.0,195.0,40.0,40.0,8.0,8.0,1.0
40.0,64.0,115.0,65.0,26.0,50.0,86.0,70.0,77.0,420.0,35.0,35.0,0.0,8.0,0.0
35.0,67.0,150.0,69.0,13.0,26.0,51.0,65.0,60.0,125.0,29.0,30.0,6.0,5.0,1.0
33.0,66.0,135.0,64.0,21.0,45.0,60.0,100.0,105.0,252.0,35.0,35.0,10.0,9.0,1.0
38.0,69.0,167.0,69.5,15.0,41.0,30.0,55.0,45.0,182.0,31.5,32.0,7.0,6.0,1.0
31.0,67.0,150.0,65.0,5.0,7.0,38.0,60.0,40.0,106.0,15.0,9.0,7.0,6.0,0.0
37.0,66.0,139.0,66.0,6.0,11.0,31.0,15.0,30.0,75.0,20.0,22.0,0.0,0.0,0.0
46.0,70.0,167.0,169.0,13.0,26.0,58.0,79.0,79.0,94.0,26.0,26.0,0.0,7.0,1.0
23.0,74.0,186.0,78.0,23.0,33.0,61.0,105.0,124.0,84.0,35.55,35.260000000000005,9.0,0.0,1.0
35.0,72.0,165.0,74.0,12.0,34.0,28.0,42.0,75.0,117.0,27.905,28.28,6.0,0.0,1.0
36.0,67.5,176.0,71.0,11.0,30.0,14.0,35.0,65.0,35.0,29.5,30.5,5.0,5.0,1.0
29.0,68.0,160.0,71.0,15.0,23.0,52.0,70.0,100.0,103.0,34.75,34.75,10.0,8.0,1.0
16.0,68.8,138.0,77.8,14.0,45.0,35.0,60.0,37.0,160.0,27.6,27.85,0.0,5.0,1.0
47.0,63.0,150.0,62.5,6.0,22.0,29.0,27.0,20.0,83.0,15.75,15.0,0.0,2.0,0.0
37.0,68.0,162.0,67.0,12.0,24.0,54.0,70.0,70.0,210.0,35.5,35.5,0.0,6.0,1.0
28.0,74.0,176.0,75.0,17.0,27.0,72.0,92.0,95.0,186.0,30.5,30.5,0.0,0.0,1.0
28.0,77.0,200.0,78.0,9.0,12.0,19.0,34.0,49.0,50.0,28.0,29.25,8.0,6.0,1.0
28.0,68.0,135.0,68.0,17.0,25.0,41.0,90.0,80.0,150.0,35.0,31.0,7.0,7.0,1.0
28.0,72.0,175.0,72.0,14.0,28.0,22.0,35.0,105.0,59.0,39.0,39.0,7.0,9.0,1.0
30.0,61.0,125.0,62.0,11.0,17.0,30.0,40.0,37.0,200.0,27.1,26.6,6.0,5.0,0.0
31.0,65.7,130.0,65.7,10.0,32.0,22.0,13.0,33.0,74.0,19.0,18.0,5.0,5.0,0.0
27.0,68.0,145.0,12.0,7.0,16.0,25.0,20.0,40.0,60.0,30.3,30.0,5.0,4.0,0.0
26.0,74.0,180.0,74.0,16.0,31.0,34.0,75.0,115.0,64.0,36.0,36.0,7.0,7.0,1.0
30.0,67.0,149.0,65.0,3.0,40.0,37.0,31.0,35.0,196.0,28.225,27.425,4.0,4.0,2.0
28.0,63.0,155.0,51.9,0.0,19.0,12.0,15.0,0.0,51.0,29.1,28.95,0.0,2.0,0.0
35.0,71.0,167.0,74.0,17.0,36.0,63.0,75.0,95.0,184.0,31.5,34.0,0.0,7.0,1.0
32.0,60.0,163.0,165.0,15.0,27.0,38.0,50.0,70.0,251.0,35.35,35.46,7.0,0.0,1.0
31.0,72.0,175.0,74.0,16.0,28.0,47.0,40.0,106.0,84.0,31.410000000000004,30.89,5.0,0.0,1.0
46.0,70.0,165.0,72.0,23.0,51.0,58.0,110.0,110.0,249.0,29.0,28.8,7.0,0.0,1.0
34.0,66.0,140.0,65.0,14.0,33.0,58.0,75.0,70.0,175.0,30.795,30.43,9.0,0.0,1.0
43.0,72.0,150.0,73.0,17.0,21.0,44.5,60.0,62.0,118.0,31.0,30.0,10.0,9.0,1.0
27.0,64.0,145.0,66.0,14.0,35.0,54.0,50.0,75.0,104.0,27.55,27.45,7.0,0.0,0.0
27.0,71.0,173.0,74.0,15.0,28.0,53.0,90.0,90.0,106.0,32.21,32.235,8.0,0.0,1.0
31.0,59.45,113.0,59.5,16.0,30.0,74.0,90.0,61.0,263.0,25.5,26.5,10.0,8.0,0.0
27.0,60.0,115.0,62.0,21.0,30.0,75.0,100.0,75.0,197.0,27.0,27.5,10.0,10.0,0.0
38.0,69.0,164.0,69.5,16.0,42.0,59.0,75.0,60.0,147.0,33.0,32.5,7.0,6.0,1.0
24.0,71.0,155.0,72.0,16.0,24.0,56.0,83.0,70.0,92.0,32.0,32.0,6.0,5.0,1.0
37.0,59.0,98.0,61.0,15.0,25.0,28.0,23.0,43.0,181.0,27.5,26.0,0.0,5.0,0.0
33.0,68.0,157.0,71.0,14.0,19.0,22.0,60.0,120.0,120.0,40.0,36.0,9.0,8.0,1.0
45.0,72.0,156.0,74.0,16.0,32.0,38.0,58.0,75.0,182.0,33.5,34.5,7.0,6.0,1.0
27.0,72.0,178.0,72.6,16.0,22.0,27.0,17.0,75.0,37.0,28.0,28.0,0.0,6.0,1.0
33.0,68.0,157.0,71.0,14.0,19.0,25.0,60.0,120.0,120.0,40.0,35.0,9.0,7.0,1.0
46.0,69.0,161.0,71.0,19.0,39.0,59.0,75.0,95.0,175.0,32.0,32.0,7.0,7.0,1.0
42.0,69.0,143.0,68.0,6.0,15.0,18.0,11.0,22.0,44.0,23.0,26.0,0.0,6.0,0.0
31.0,67.0,125.0,64.5,9.0,18.0,35.0,30.0,60.0,83.0,31.0,31.0,8.0,6.0,0.0
29.0,70.0,155.0,70.0,28.0,35.0,45.0,55.0,115.0,70.0,28.65,29.435,9.0,0.0,1.0
52.0,71.0,145.0,74.0,11.0,31.0,42.0,55.0,50.0,139.0,30.985000000000003,31.01,0.0,0.0,1.0
27.0,70.0,147.0,68.0,20.0,26.0,57.0,101.0,91.0,126.0,32.025,32.4,7.0,0.0,1.0
24.0,72.0,164.0,75.0,23.0,35.0,65.0,120.0,110.0,140.0,33.65,33.4875,10.0,0.0,1.0
26.0,69.25,160.2,69.5,15.0,30.0,46.0,70.0,90.0,116.0,29.4,31.06,8.0,0.0,1.0
34.0,67.0,143.0,68.0,16.0,34.0,55.0,90.0,80.0,180.0,31.575,31.880000000000003,7.0,0.0,1.0
49.0,66.5,164.0,67.5,4.0,5.0,0.0,2.1,8.0,0.0,31.8,31.71,0.0,0.0,1.0
25.0,71.0,162.0,73.5,14.0,31.0,47.0,45.0,70.0,89.0,36.0,35.5,8.0,7.0,1.0
29.0,71.0,150.0,72.0,20.0,41.1,47.1,65.9,87.4,93.4,29.15,29.55,0.0,7.0,1.0
33.0,71.5,175.0,75.5,19.0,33.0,67.0,110.0,115.0,224.0,38.0,39.0,11.0,10.0,1.0
48.0,70.0,148.0,70.0,15.0,38.0,44.0,53.0,62.0,158.0,25.5,28.75,8.0,7.0,1.0
37.0,66.0,130.0,70.5,26.0,42.0,78.0,78.0,95.0,205.0,33.925,35.2,11.0,0.0,1.0
34.0,67.0,148.0,73.0,12.0,22.0,33.0,35.0,71.0,115.0,36.5,36.5,11.0,10.0,1.0
52.0,71.25,194.0,75.0,6.0,10.0,10.0,0.0,35.0,16.0,31.1,31.1,0.0,0.0,1.0
32.0,72.5,196.0,74.5,14.0,22.0,55.0,65.0,85.0,190.0,32.0,30.0,9.0,6.0,1.0
59.0,65.0,148.0,65.0,0.0,11.0,10.0,0.0,0.0,24.0,31.21,31.885,2.0,2.0,0.0
42.0,71.0,192.0,74.0,15.0,25.0,120.0,73.0,77.0,120.0,32.85,33.7,7.0,6.0,1.0
32.0,72.0,165.0,73.0,20.0,70.0,30.0,50.0,75.0,155.1,36.0,36.0,5.0,5.0,1.0
41.0,73.0,182.0,72.5,14.0,30.0,37.0,67.0,100.0,107.0,30.0,29.0,7.0,6.0,1.0
29.0,67.0,115.0,66.5,14.0,14.0,62.0,53.0,38.0,266.0,31.0,29.0,9.0,7.0,0.0
38.0,69.0,162.0,162.0,18.0,38.0,55.0,55.0,70.0,220.0,35.0,35.0,0.0,6.0,1.0
40.0,70.0,172.0,72.0,9.0,20.0,15.0,7.5,35.0,44.0,31.9,31.7,0.0,0.0,1.0
34.0,74.0,180.0,73.0,14.0,30.0,35.0,60.0,80.0,87.0,31.43,30.525,5.0,0.0,1.0
28.0,76.0,198.0,81.0,13.0,21.0,16.0,25.0,80.0,44.0,35.775,34.6,10.0,0.0,1.0
41.0,71.26,156.83,72.83,12.0,25.0,47.0,52.91,97.0,94.0,31.25,30.805,9.0,0.0,1.0
36.0,71.0,180.0,71.0,11.0,31.0,21.0,25.0,64.0,72.0,30.43,31.110000000000003,0.0,0.0,1.0
25.0,65.0,148.0,67.5,10.0,16.0,27.0,32.5,52.5,86.0,31.275,30.85,0.0,0.0,0.0
36.0,67.0,150.0,66.0,21.0,34.0,58.0,87.0,110.0,105.0,28.85,28.705,9.0,0.0,1.0
23.0,70.4,158.0,70.4,7.0,13.0,13.0,2.5,52.5,42.0,32.175,32.035000000000004,0.0,0.0,1.0
39.0,67.0,145.0,64.0,11.0,13.0,50.0,65.0,65.0,126.0,31.0,31.0,6.0,4.0,0.0
36.0,65.25,164.0,69.0,13.0,15.0,18.0,36.0,65.0,53.0,30.315,32.5,0.0,5.0,0.0
26.0,74.0,180.0,74.0,20.0,40.0,56.0,90.0,125.0,103.0,37.5,38.5,7.0,7.0,1.0
31.0,68.0,145.0,68.0,3.0,20.0,8.0,0.0,13.0,20.0,0.0,0.0,0.0,4.0,0.0
52.0,69.0,173.0,71.5,13.0,45.0,45.0,45.0,55.0,180.0,29.0,29.0,0.0,6.0,1.0
24.0,62.5,119.0,62.5,7.0,20.0,25.0,25.0,20.0,56.0,30.125,30.2,5.0,0.0,0.0
38.0,69.0,165.0,69.5,15.0,40.0,53.0,70.0,55.0,143.0,31.0,32.0,7.0,6.0,1.0
35.0,57.0,145.0,59.0,13.0,56.0,43.0,65.0,60.0,96.0,29.0,29.0,7.0,6.0,1.0
28.0,72.0,180.0,72.0,14.0,26.0,30.0,60.0,114.0,70.0,39.0,39.0,8.0,8.0,1.0
35.0,71.0,173.0,74.0,17.0,38.0,62.0,90.0,105.0,196.0,36.0,35.5,0.0,7.0,1.0
36.0,72.0,156.0,73.0,30.0,37.0,52.0,60.0,105.0,184.7,29.65,29.65,0.0,8.0,1.0
51.0,71.5,165.0,73.0,14.0,32.0,62.0,90.0,75.0,140.0,25.0,24.0,2.0,4.0,1.0
31.0,72.0,177.0,73.0,16.0,39.0,55.0,66.0,132.0,140.0,32.0,31.0,8.0,7.0,1.0
30.0,67.0,140.0,69.0,21.0,26.0,63.0,85.0,90.0,115.0,32.778499999999994,33.705,11.0,10.0,1.0
27.0,64.0,113.0,64.75,10.0,24.0,45.0,40.0,36.0,110.0,26.55,26.925,5.0,0.0,0.0
31.0,72.0,175.0,74.0,16.0,27.0,45.0,55.0,95.0,115.0,31.48,30.96,5.0,0.0,1.0
34.0,67.72,131.0,65.72,15.0,14.0,30.0,18.0,90.0,60.0,24.05,21.47,0.0,6.0,1.0
22.0,73.0,175.0,73.0,25.0,35.0,60.0,125.0,175.0,217.3,35.55,34.975,12.0,10.0,1.0
43.0,72.0,176.0,72.0,25.0,23.0,26.0,40.0,70.0,65.0,33.0,33.0,5.0,6.0,1.0
26.0,68.0,145.0,73.0,20.0,36.0,36.0,53.0,70.0,90.0,35.0,37.0,7.0,5.0,1.0
32.0,62.0,135.0,0.0,13.0,20.0,45.0,35.0,50.0,74.0,28.880000000000003,29.5,8.0,6.0,0.0
30.0,66.0,142.0,64.0,12.3,22.5,54.0,80.0,50.0,158.3,31.425,32.33,8.0,7.0,0.0
47.0,69.0,169.0,71.0,18.0,41.0,62.0,90.0,90.0,163.0,35.0,36.0,8.0,8.0,1.0
28.0,63.0,130.0,64.0,14.0,20.0,45.8,80.0,75.0,110.1,29.275,29.28,9.0,7.0,0.0
27.0,74.0,185.0,74.0,21.0,40.0,61.0,110.0,124.0,85.0,36.5,36.5,8.0,7.0,1.0
29.0,60.0,174.0,71.0,12.0,36.0,24.0,44.0,89.0,64.0,25.0,22.0,6.0,6.0,1.0
39.0,65.0,118.0,64.0,15.0,30.0,43.0,55.0,62.0,261.0,27.0,28.0,0.0,6.0,0.0
38.0,69.0,165.0,72.0,14.0,31.0,52.0,100.0,105.0,120.0,30.5,29.5,8.0,7.0,1.0
41.0,68.5,148.0,69.75,14.0,29.0,38.0,40.0,80.0,95.0,35.0,35.0,6.0,6.0,1.0
47.0,70.0,170.0,172.0,16.0,31.0,33.6,55.0,80.0,150.0,34.5,36.5,0.0,4.0,1.0
31.0,70.0,170.0,70.0,15.0,35.0,60.0,132.0,106.0,150.0,31.0,33.0,10.0,9.0,1.0
50.0,67.0,143.0,68.0,20.0,36.0,58.0,64.0,99.0,125.0,30.0,31.0,5.0,6.0,1.0
29.0,68.0,140.0,68.0,17.0,33.0,45.0,55.0,81.0,85.0,26.5,29.0,6.0,5.0,1.0
50.0,67.0,143.0,68.0,20.0,36.0,58.0,64.0,99.0,125.0,30.0,31.0,5.0,6.0,1.0
46.0,71.0,163.0,73.0,17.0,32.0,56.0,80.0,79.0,185.0,35.0,35.0,0.0,6.0,1.0
33.0,73.0,160.0,74.0,8.0,13.0,42.0,85.0,50.0,60.0,34.0,36.0,9.0,7.0,1.0
47.0,70.0,170.0,72.0,16.0,31.0,33.0,55.0,80.0,150.0,34.75,36.0,0.0,4.0,1.0
38.0,68.0,170.0,68.0,13.0,38.0,61.0,75.0,75.0,175.0,34.0,34.0,0.0,6.0,1.0
43.0,74.0,197.0,72.0,9.0,20.0,38.0,55.0,55.0,74.0,28.0,29.0,4.0,4.0,1.0
42.0,70.0,195.0,72.0,10.0,10.0,35.0,80.0,55.0,37.0,26.0,26.0,9.0,8.0,1.0
39.0,69.0,164.0,69.5,15.0,41.0,53.0,70.0,65.0,154.0,28.98,29.4,7.0,5.0,1.0
35.0,64.0,138.0,66.0,8.0,16.0,55.0,44.0,40.0,55.0,25.0,26.0,5.0,6.0,0.0
42.0,62.0,117.0,62.0,18.0,35.0,60.0,68.0,65.0,160.0,29.0,29.0,10.0,8.0,0.0
32.0,61.0,108.0,62.0,14.0,30.0,62.0,95.0,70.0,54.0,34.0,33.0,10.0,8.0,0.0
39.0,73.0,168.0,72.6,11.0,18.0,31.0,44.0,66.0,123.0,33.5,33.0,0.0,0.0,1.0
31.0,71.0,170.0,72.0,16.0,22.0,61.0,50.0,80.0,130.0,27.0,28.0,8.0,8.0,1.0
31.0,71.0,170.0,72.0,16.0,22.0,61.0,50.0,80.0,130.0,27.0,28.0,8.0,8.0,1.0
52.0,66.5,150.0,68.0,18.0,35.0,42.0,43.0,70.0,104.0,25.5,26.0,4.0,4.0,1.0
19.0,71.0,150.0,72.0,18.0,20.0,35.8,45.0,95.0,51.0,37.0,34.6,8.0,6.0,1.0
29.0,66.0,153.0,68.0,23.0,31.0,86.0,93.0,132.0,220.0,39.5,39.5,10.0,9.0,1.0
17.0,69.0,130.0,71.0,13.0,22.0,30.0,40.0,66.0,103.0,30.845,31.155,5.0,0.0,1.0
21.0,69.0,154.0,67.0,17.0,53.0,38.0,42.5,94.0,101.0,28.9815,30.075,0.0,0.0,1.0
30.0,71.0,178.0,71.0,11.0,35.0,39.45,50.0,65.7,60.0,36.9,36.15,4.0,7.0,1.0
33.0,71.55999999999999,154.0,96.633,11.0,32.0,60.0,110.0,44.0,130.0,24.0,24.0,5.0,5.0,1.0
38.0,67.7,132.0,67.0,17.0,31.0,30.0,7.0,83.0,94.0,30.7,30.3,0.0,4.0,1.0
30.0,66.5,145.0,67.1,23.0,40.0,16.29,6.0,77.0,35.0,23.5,23.5,4.0,5.0,1.0
30.0,72.0,165.0,72.0,17.0,50.0,15.0,30.0,75.0,40.0,27.95,28.505000000000003,6.0,7.0,1.0
34.0,67.3,141.0,68.0,20.0,60.0,70.0,40.0,40.0,252.0,39.0,39.0,8.0,8.0,1.0
26.0,66.5,140.0,68.0,12.0,28.0,47.0,45.0,40.0,117.0,30.5,32.5,0.0,6.0,1.0
28.0,71.0,165.0,74.0,12.0,19.0,33.0,35.0,55.0,84.0,26.0,26.0,7.0,6.0,1.0
34.0,66.0,135.0,64.0,22.0,50.0,60.0,105.0,110.0,280.0,37.0,37.0,10.0,9.0,1.0
27.0,67.0,135.0,67.0,12.0,18.0,35.0,55.0,50.0,186.0,32.0,31.0,8.0,7.0,0.0
37.0,62.0,118.0,62.0,8.0,8.0,21.0,15.0,46.0,150.0,29.0,29.0,5.0,6.0,0.0
35.0,67.0,137.0,66.5,16.0,34.0,46.0,65.0,75.0,179.0,27.5,27.0,6.0,7.0,1.0
39.0,63.5,135.0,67.0,18.0,35.0,50.0,70.0,110.0,120.0,35.0,34.0,8.0,8.0,1.0
51.0,70.0,166.0,71.5,10.0,16.0,30.0,45.0,62.0,120.0,31.415,30.355,4.0,0.0,1.0
39.0,68.0,155.0,70.0,17.0,31.0,32.0,35.0,85.0,93.0,27.33,28.35,6.0,0.0,1.0
36.0,66.0,135.0,67.0,24.0,48.0,51.0,80.0,105.0,167.0,31.23,30.8,10.0,0.0,1.0
39.0,63.5,135.0,67.0,18.0,35.0,50.0,70.0,110.0,120.0,35.0,34.0,8.0,8.0,1.0
28.0,67.0,130.0,67.0,20.0,50.0,43.8,70.0,115.0,7.0,28.45,29.130000000000003,5.0,8.0,1.0
29.0,60.75,103.0,60.0,12.0,19.0,29.0,15.0,42.0,96.0,24.0,24.0,2.0,5.0,0.0
48.0,63.0,125.0,63.0,7.0,15.0,55.0,35.0,22.0,164.0,20.0,20.5,5.0,4.0,0.0
39.0,65.75,115.0,66.75,15.0,48.0,57.0,70.0,55.0,431.0,27.0,27.0,0.0,5.0,0.0
25.0,73.0,166.0,74.0,32.0,48.0,51.0,75.0,135.0,240.0,38.0,39.0,10.0,9.0,1.0
34.0,68.89,160.0,70.0,17.0,34.0,46.2,69.0,104.0,101.0,43.3,44.0,7.0,8.0,1.0
